,knee_angle_l,knee_angle_r,hip_angle_l,hip_angle_r,bar_distance
0,36.267908409930364,22.15083387973828,,,
1,36.267908409930364,22.15083387973828,,,
2,0.0,0.0,,,
